Invoice,Description,Quantity,InvoiceDate,Price,Customer ID
INV1,Product D,12,2023-01-01 00:00:00,63.86,C56
INV2,Product E,12,2023-01-01 01:00:00,75.73,C76
INV3,Product C,4,2023-01-01 02:00:00,17.88,C51
INV4,Product E,16,2023-01-01 03:00:00,41.54,C37
INV5,Product E,4,2023-01-01 04:00:00,42.85,C17
INV6,Product B,5,2023-01-01 05:00:00,82.36,C58
INV7,Product C,5,2023-01-01 06:00:00,1.12,C87
INV8,Product C,8,2023-01-01 07:00:00,30.78,C90
INV9,Product C,10,2023-01-01 08:00:00,98.14,C29
INV10,Product E,17,2023-01-01 09:00:00,48.01,C33
INV11,Product D,9,2023-01-01 10:00:00,38.87,C60
INV12,Product C,19,2023-01-01 11:00:00,12.86,C91
INV13,Product E,14,2023-01-01 12:00:00,97.44,C89
INV14,Product B,8,2023-01-01 13:00:00,2.98,C55
INV15,Product D,9,2023-01-01 14:00:00,73.98,C10
INV16,Product B,11,2023-01-01 15:00:00,77.09,C47
INV17,Product D,1,2023-01-01 16:00:00,25.12,C23
INV18,Product E,14,2023-01-01 17:00:00,67.48,C85
INV19,Product A,5,2023-01-01 18:00:00,10.2,C21
INV20,Product D,14,2023-01-01 19:00:00,26.45,C13
INV21,Product B,4,2023-01-01 20:00:00,79.0,C33
INV22,Product E,1,2023-01-01 21:00:00,86.6,C24
INV23,Product D,19,2023-01-01 22:00:00,61.24,C11
INV24,Product A,8,2023-01-01 23:00:00,51.18,C17
INV25,Product A,15,2023-01-02 00:00:00,16.77,C68
INV26,Product C,15,2023-01-02 01:00:00,7.25,C47
INV27,Product C,9,2023-01-02 02:00:00,12.65,C25
INV28,Product B,9,2023-01-02 03:00:00,23.51,C94
INV29,Product D,10,2023-01-02 04:00:00,34.83,C73
INV30,Product D,9,2023-01-02 05:00:00,38.71,C21
INV31,Product C,3,2023-01-02 06:00:00,35.29,C84
INV32,Product D,11,2023-01-02 07:00:00,24.67,C83
INV33,Product D,6,2023-01-02 08:00:00,51.46,C83
INV34,Product A,2,2023-01-02 09:00:00,82.7,C12
INV35,Product C,7,2023-01-02 10:00:00,28.69,C37
INV36,Product E,18,2023-01-02 11:00:00,94.3,C42
INV37,Product C,2,2023-01-02 12:00:00,87.46,C17
INV38,Product E,17,2023-01-02 13:00:00,17.01,C48
INV39,Product A,11,2023-01-02 14:00:00,78.84,C28
INV40,Product B,12,2023-01-02 15:00:00,57.88,C41
INV41,Product D,19,2023-01-02 16:00:00,57.09,C99
INV42,Product A,7,2023-01-02 17:00:00,39.71,C47
INV43,Product D,6,2023-01-02 18:00:00,50.61,C18
INV44,Product B,1,2023-01-02 19:00:00,40.32,C78
INV45,Product B,17,2023-01-02 20:00:00,54.43,C99
INV46,Product A,11,2023-01-02 21:00:00,63.17,C71
INV47,Product B,18,2023-01-02 22:00:00,67.76,C13
INV48,Product E,17,2023-01-02 23:00:00,53.72,C82
INV49,Product B,7,2023-01-03 00:00:00,72.42,C13
INV50,Product D,17,2023-01-03 01:00:00,14.99,C100
INV51,Product D,9,2023-01-03 02:00:00,21.99,C31
INV52,Product D,17,2023-01-03 03:00:00,82.05,C2
INV53,Product D,8,2023-01-03 04:00:00,32.93,C16
INV54,Product E,17,2023-01-03 05:00:00,3.27,C9
INV55,Product C,7,2023-01-03 06:00:00,16.23,C73
INV56,Product A,1,2023-01-03 07:00:00,23.14,C38
INV57,Product D,13,2023-01-03 08:00:00,95.77,C75
INV58,Product B,19,2023-01-03 09:00:00,57.73,C54
INV59,Product D,19,2023-01-03 10:00:00,93.34,C56
INV60,Product B,17,2023-01-03 11:00:00,57.94,C86
INV61,Product B,13,2023-01-03 12:00:00,48.46,C97
INV62,Product D,16,2023-01-03 13:00:00,32.06,C100
INV63,Product E,8,2023-01-03 14:00:00,61.03,C87
INV64,Product B,19,2023-01-03 15:00:00,14.78,C45
INV65,Product B,18,2023-01-03 16:00:00,89.93,C34
INV66,Product D,1,2023-01-03 17:00:00,83.1,C9
INV67,Product B,14,2023-01-03 18:00:00,32.44,C88
INV68,Product B,19,2023-01-03 19:00:00,95.33,C8
INV69,Product D,15,2023-01-03 20:00:00,82.69,C7
INV70,Product D,18,2023-01-03 21:00:00,66.96,C36
INV71,Product A,2,2023-01-03 22:00:00,13.05,C18
INV72,Product E,17,2023-01-03 23:00:00,48.35,C3
INV73,Product E,18,2023-01-04 00:00:00,51.1,C28
INV74,Product B,6,2023-01-04 01:00:00,24.02,C70
INV75,Product E,19,2023-01-04 02:00:00,8.92,C44
INV76,Product B,4,2023-01-04 03:00:00,77.9,C21
INV77,Product A,1,2023-01-04 04:00:00,13.08,C28
INV78,Product D,8,2023-01-04 05:00:00,59.83,C54
INV79,Product D,7,2023-01-04 06:00:00,93.71,C54
INV80,Product D,3,2023-01-04 07:00:00,87.73,C65
INV81,Product E,10,2023-01-04 08:00:00,28.5,C100
INV82,Product A,10,2023-01-04 09:00:00,85.29,C21
INV83,Product E,19,2023-01-04 10:00:00,1.03,C99
INV84,Product E,14,2023-01-04 11:00:00,2.75,C13
INV85,Product A,2,2023-01-04 12:00:00,60.65,C57
INV86,Product A,1,2023-01-04 13:00:00,37.12,C49
INV87,Product A,18,2023-01-04 14:00:00,39.26,C54
INV88,Product A,7,2023-01-04 15:00:00,56.88,C10
INV89,Product D,8,2023-01-04 16:00:00,19.99,C53
INV90,Product C,1,2023-01-04 17:00:00,21.96,C44
INV91,Product C,3,2023-01-04 18:00:00,48.98,C47
INV92,Product A,8,2023-01-04 19:00:00,75.67,C53
INV93,Product C,15,2023-01-04 20:00:00,62.33,C74
INV94,Product C,5,2023-01-04 21:00:00,30.44,C46
INV95,Product A,3,2023-01-04 22:00:00,43.6,C13
INV96,Product C,19,2023-01-04 23:00:00,17.9,C37
INV97,Product E,1,2023-01-05 00:00:00,8.39,C24
INV98,Product B,15,2023-01-05 01:00:00,78.49,C2
INV99,Product B,8,2023-01-05 02:00:00,27.27,C86
INV100,Product A,2,2023-01-05 03:00:00,18.6,C81
INV101,Product D,3,2023-01-05 04:00:00,69.47,C100
INV102,Product A,14,2023-01-05 05:00:00,62.19,C14
INV103,Product D,14,2023-01-05 06:00:00,63.69,C10
INV104,Product B,11,2023-01-05 07:00:00,23.66,C35
INV105,Product A,16,2023-01-05 08:00:00,24.03,C25
INV106,Product E,4,2023-01-05 09:00:00,22.86,C3
INV107,Product C,5,2023-01-05 10:00:00,18.2,C17
INV108,Product D,14,2023-01-05 11:00:00,65.92,C12
INV109,Product C,16,2023-01-05 12:00:00,84.95,C54
INV110,Product C,18,2023-01-05 13:00:00,72.71,C24
INV111,Product A,7,2023-01-05 14:00:00,79.42,C29
INV112,Product C,10,2023-01-05 15:00:00,41.08,C43
INV113,Product E,7,2023-01-05 16:00:00,65.75,C25
INV114,Product C,1,2023-01-05 17:00:00,36.07,C100
INV115,Product A,19,2023-01-05 18:00:00,53.02,C60
INV116,Product E,16,2023-01-05 19:00:00,48.68,C90
INV117,Product B,19,2023-01-05 20:00:00,18.51,C65
INV118,Product C,4,2023-01-05 21:00:00,39.32,C84
INV119,Product A,18,2023-01-05 22:00:00,96.42,C28
INV120,Product B,2,2023-01-05 23:00:00,25.61,C16
INV121,Product B,1,2023-01-06 00:00:00,14.25,C47
INV122,Product D,15,2023-01-06 01:00:00,42.44,C81
INV123,Product E,5,2023-01-06 02:00:00,79.24,C92
INV124,Product C,11,2023-01-06 03:00:00,58.63,C58
INV125,Product A,10,2023-01-06 04:00:00,68.42,C76
INV126,Product D,2,2023-01-06 05:00:00,19.78,C27
INV127,Product E,3,2023-01-06 06:00:00,62.28,C53
INV128,Product D,12,2023-01-06 07:00:00,33.03,C42
INV129,Product E,5,2023-01-06 08:00:00,83.6,C59
INV130,Product E,5,2023-01-06 09:00:00,63.3,C47
INV131,Product C,6,2023-01-06 10:00:00,20.69,C94
INV132,Product E,9,2023-01-06 11:00:00,7.4,C34
INV133,Product D,2,2023-01-06 12:00:00,5.22,C37
INV134,Product E,12,2023-01-06 13:00:00,37.77,C6
INV135,Product C,3,2023-01-06 14:00:00,27.32,C7
INV136,Product C,12,2023-01-06 15:00:00,64.96,C96
INV137,Product D,17,2023-01-06 16:00:00,50.43,C96
INV138,Product B,10,2023-01-06 17:00:00,27.34,C25
INV139,Product B,14,2023-01-06 18:00:00,15.77,C33
INV140,Product E,17,2023-01-06 19:00:00,13.59,C55
INV141,Product A,18,2023-01-06 20:00:00,86.6,C58
INV142,Product E,19,2023-01-06 21:00:00,25.1,C7
INV143,Product D,17,2023-01-06 22:00:00,65.52,C57
INV144,Product D,14,2023-01-06 23:00:00,81.26,C12
INV145,Product D,9,2023-01-07 00:00:00,61.79,C16
INV146,Product D,8,2023-01-07 01:00:00,86.1,C80
INV147,Product D,2,2023-01-07 02:00:00,39.85,C43
INV148,Product C,13,2023-01-07 03:00:00,95.67,C100
INV149,Product B,7,2023-01-07 04:00:00,14.18,C77
INV150,Product D,9,2023-01-07 05:00:00,11.11,C7
INV151,Product A,11,2023-01-07 06:00:00,66.21,C100
INV152,Product A,14,2023-01-07 07:00:00,94.34,C51
INV153,Product A,4,2023-01-07 08:00:00,81.08,C73
INV154,Product A,13,2023-01-07 09:00:00,8.57,C32
INV155,Product C,2,2023-01-07 10:00:00,28.66,C75
INV156,Product A,5,2023-01-07 11:00:00,93.1,C8
INV157,Product D,11,2023-01-07 12:00:00,26.05,C97
INV158,Product E,6,2023-01-07 13:00:00,78.34,C87
INV159,Product A,18,2023-01-07 14:00:00,82.69,C89
INV160,Product C,10,2023-01-07 15:00:00,50.05,C72
INV161,Product C,4,2023-01-07 16:00:00,39.25,C45
INV162,Product A,9,2023-01-07 17:00:00,45.56,C86
INV163,Product E,6,2023-01-07 18:00:00,23.47,C59
INV164,Product A,2,2023-01-07 19:00:00,89.05,C4
INV165,Product C,17,2023-01-07 20:00:00,45.61,C67
INV166,Product B,5,2023-01-07 21:00:00,88.36,C29
INV167,Product D,6,2023-01-07 22:00:00,11.46,C29
INV168,Product C,12,2023-01-07 23:00:00,98.84,C98
INV169,Product A,10,2023-01-08 00:00:00,44.88,C98
INV170,Product D,6,2023-01-08 01:00:00,5.74,C28
INV171,Product A,8,2023-01-08 02:00:00,4.76,C77
INV172,Product A,2,2023-01-08 03:00:00,74.87,C79
INV173,Product B,12,2023-01-08 04:00:00,66.24,C87
INV174,Product D,13,2023-01-08 05:00:00,80.41,C44
INV175,Product D,7,2023-01-08 06:00:00,11.43,C90
INV176,Product B,10,2023-01-08 07:00:00,4.52,C4
INV177,Product C,13,2023-01-08 08:00:00,51.35,C90
INV178,Product A,17,2023-01-08 09:00:00,39.37,C9
INV179,Product E,14,2023-01-08 10:00:00,46.73,C5
INV180,Product A,2,2023-01-08 11:00:00,99.17,C56
INV181,Product A,11,2023-01-08 12:00:00,97.1,C96
INV182,Product C,1,2023-01-08 13:00:00,94.29,C84
INV183,Product A,19,2023-01-08 14:00:00,78.6,C50
INV184,Product B,4,2023-01-08 15:00:00,36.13,C75
INV185,Product B,19,2023-01-08 16:00:00,41.8,C15
INV186,Product D,11,2023-01-08 17:00:00,55.41,C32
INV187,Product E,8,2023-01-08 18:00:00,83.22,C28
INV188,Product A,11,2023-01-08 19:00:00,7.8,C22
INV189,Product A,4,2023-01-08 20:00:00,43.01,C17
INV190,Product C,17,2023-01-08 21:00:00,9.18,C59
INV191,Product B,7,2023-01-08 22:00:00,51.95,C90
INV192,Product E,8,2023-01-08 23:00:00,89.99,C71
INV193,Product D,3,2023-01-09 00:00:00,78.47,C57
INV194,Product B,2,2023-01-09 01:00:00,23.56,C26
INV195,Product D,15,2023-01-09 02:00:00,97.62,C25
INV196,Product C,5,2023-01-09 03:00:00,67.07,C10
INV197,Product C,1,2023-01-09 04:00:00,2.03,C45
INV198,Product A,4,2023-01-09 05:00:00,26.29,C83
INV199,Product E,15,2023-01-09 06:00:00,26.81,C11
INV200,Product D,19,2023-01-09 07:00:00,7.86,C77
INV201,Product B,3,2023-01-09 08:00:00,96.02,C53
INV202,Product C,11,2023-01-09 09:00:00,48.35,C72
INV203,Product A,17,2023-01-09 10:00:00,89.69,C68
INV204,Product A,13,2023-01-09 11:00:00,32.9,C95
INV205,Product D,11,2023-01-09 12:00:00,13.4,C28
INV206,Product C,2,2023-01-09 13:00:00,47.96,C75
INV207,Product E,9,2023-01-09 14:00:00,12.28,C65
INV208,Product C,2,2023-01-09 15:00:00,49.12,C49
INV209,Product D,9,2023-01-09 16:00:00,92.11,C47
INV210,Product D,9,2023-01-09 17:00:00,52.56,C52
INV211,Product C,8,2023-01-09 18:00:00,62.03,C88
INV212,Product D,17,2023-01-09 19:00:00,16.51,C54
INV213,Product C,1,2023-01-09 20:00:00,5.33,C60
INV214,Product B,11,2023-01-09 21:00:00,11.97,C57
INV215,Product C,8,2023-01-09 22:00:00,60.25,C47
INV216,Product C,10,2023-01-09 23:00:00,10.41,C31
INV217,Product D,7,2023-01-10 00:00:00,38.22,C46
INV218,Product D,3,2023-01-10 01:00:00,55.46,C26
INV219,Product A,3,2023-01-10 02:00:00,39.48,C5
INV220,Product A,18,2023-01-10 03:00:00,17.2,C84
INV221,Product B,5,2023-01-10 04:00:00,28.11,C52
INV222,Product A,12,2023-01-10 05:00:00,92.9,C75
INV223,Product C,12,2023-01-10 06:00:00,67.92,C54
INV224,Product D,19,2023-01-10 07:00:00,50.11,C33
INV225,Product A,6,2023-01-10 08:00:00,2.26,C50
INV226,Product A,2,2023-01-10 09:00:00,99.25,C38
INV227,Product B,12,2023-01-10 10:00:00,67.47,C27
INV228,Product B,19,2023-01-10 11:00:00,32.38,C98
INV229,Product C,5,2023-01-10 12:00:00,88.05,C15
INV230,Product D,12,2023-01-10 13:00:00,26.58,C96
INV231,Product B,17,2023-01-10 14:00:00,54.86,C61
INV232,Product A,17,2023-01-10 15:00:00,63.97,C21
INV233,Product D,10,2023-01-10 16:00:00,22.89,C46
INV234,Product D,17,2023-01-10 17:00:00,97.86,C69
INV235,Product A,15,2023-01-10 18:00:00,75.07,C6
INV236,Product B,12,2023-01-10 19:00:00,56.22,C38
INV237,Product A,16,2023-01-10 20:00:00,18.88,C62
INV238,Product D,19,2023-01-10 21:00:00,6.33,C86
INV239,Product E,8,2023-01-10 22:00:00,32.69,C62
INV240,Product E,17,2023-01-10 23:00:00,75.57,C82
INV241,Product C,5,2023-01-11 00:00:00,27.66,C78
INV242,Product A,16,2023-01-11 01:00:00,54.42,C74
INV243,Product A,6,2023-01-11 02:00:00,73.07,C46
INV244,Product C,8,2023-01-11 03:00:00,11.69,C13
INV245,Product C,18,2023-01-11 04:00:00,68.84,C95
INV246,Product C,12,2023-01-11 05:00:00,10.1,C94
INV247,Product D,15,2023-01-11 06:00:00,96.55,C3
INV248,Product A,9,2023-01-11 07:00:00,49.35,C94
INV249,Product D,13,2023-01-11 08:00:00,15.92,C6
INV250,Product C,15,2023-01-11 09:00:00,34.9,C93
INV251,Product A,10,2023-01-11 10:00:00,41.93,C8
INV252,Product D,16,2023-01-11 11:00:00,76.06,C44
INV253,Product D,7,2023-01-11 12:00:00,74.6,C33
INV254,Product C,17,2023-01-11 13:00:00,61.58,C81
INV255,Product A,7,2023-01-11 14:00:00,11.49,C75
INV256,Product C,14,2023-01-11 15:00:00,16.01,C77
INV257,Product A,15,2023-01-11 16:00:00,10.28,C50
INV258,Product E,7,2023-01-11 17:00:00,58.14,C11
INV259,Product B,9,2023-01-11 18:00:00,87.84,C95
INV260,Product B,19,2023-01-11 19:00:00,43.95,C28
INV261,Product B,16,2023-01-11 20:00:00,16.92,C70
INV262,Product C,8,2023-01-11 21:00:00,56.25,C41
INV263,Product E,18,2023-01-11 22:00:00,81.36,C16
INV264,Product A,18,2023-01-11 23:00:00,74.43,C68
INV265,Product D,7,2023-01-12 00:00:00,88.26,C99
INV266,Product A,3,2023-01-12 01:00:00,28.51,C48
INV267,Product D,18,2023-01-12 02:00:00,20.2,C56
INV268,Product A,10,2023-01-12 03:00:00,88.1,C64
INV269,Product E,7,2023-01-12 04:00:00,66.1,C59
INV270,Product D,17,2023-01-12 05:00:00,31.78,C90
INV271,Product C,14,2023-01-12 06:00:00,74.49,C62
INV272,Product A,3,2023-01-12 07:00:00,81.7,C76
INV273,Product A,12,2023-01-12 08:00:00,61.88,C11
INV274,Product D,13,2023-01-12 09:00:00,69.1,C89
INV275,Product C,2,2023-01-12 10:00:00,38.15,C18
INV276,Product C,3,2023-01-12 11:00:00,54.33,C19
INV277,Product E,5,2023-01-12 12:00:00,52.89,C87
INV278,Product C,11,2023-01-12 13:00:00,84.96,C55
INV279,Product C,8,2023-01-12 14:00:00,84.16,C82
INV280,Product C,12,2023-01-12 15:00:00,83.44,C26
INV281,Product B,7,2023-01-12 16:00:00,2.09,C6
INV282,Product E,15,2023-01-12 17:00:00,75.21,C4
INV283,Product A,17,2023-01-12 18:00:00,76.11,C29
INV284,Product D,4,2023-01-12 19:00:00,68.16,C59
INV285,Product A,13,2023-01-12 20:00:00,75.87,C98
INV286,Product E,18,2023-01-12 21:00:00,84.36,C17
INV287,Product D,1,2023-01-12 22:00:00,47.56,C43
INV288,Product E,16,2023-01-12 23:00:00,50.7,C80
INV289,Product C,13,2023-01-13 00:00:00,13.35,C66
INV290,Product D,10,2023-01-13 01:00:00,39.15,C34
INV291,Product C,12,2023-01-13 02:00:00,64.69,C8
INV292,Product A,2,2023-01-13 03:00:00,78.26,C13
INV293,Product A,3,2023-01-13 04:00:00,22.5,C8
INV294,Product D,10,2023-01-13 05:00:00,14.64,C94
INV295,Product D,2,2023-01-13 06:00:00,66.64,C96
INV296,Product E,13,2023-01-13 07:00:00,1.19,C100
INV297,Product E,13,2023-01-13 08:00:00,18.66,C94
INV298,Product C,18,2023-01-13 09:00:00,3.88,C65
INV299,Product D,3,2023-01-13 10:00:00,17.52,C43
INV300,Product A,7,2023-01-13 11:00:00,18.95,C39
INV301,Product E,14,2023-01-13 12:00:00,39.38,C81
INV302,Product E,17,2023-01-13 13:00:00,40.83,C59
INV303,Product A,12,2023-01-13 14:00:00,87.55,C84
INV304,Product E,16,2023-01-13 15:00:00,51.5,C88
INV305,Product C,12,2023-01-13 16:00:00,72.62,C86
INV306,Product D,15,2023-01-13 17:00:00,11.31,C93
INV307,Product A,10,2023-01-13 18:00:00,23.32,C86
INV308,Product D,7,2023-01-13 19:00:00,70.59,C44
INV309,Product E,5,2023-01-13 20:00:00,6.23,C9
INV310,Product E,1,2023-01-13 21:00:00,49.17,C37
INV311,Product A,17,2023-01-13 22:00:00,60.34,C74
INV312,Product C,3,2023-01-13 23:00:00,60.61,C36
INV313,Product B,13,2023-01-14 00:00:00,3.27,C92
INV314,Product A,14,2023-01-14 01:00:00,32.89,C28
INV315,Product B,18,2023-01-14 02:00:00,64.01,C42
INV316,Product B,4,2023-01-14 03:00:00,15.75,C43
INV317,Product C,18,2023-01-14 04:00:00,69.85,C85
INV318,Product B,5,2023-01-14 05:00:00,74.85,C88
INV319,Product B,16,2023-01-14 06:00:00,98.21,C42
INV320,Product C,1,2023-01-14 07:00:00,21.77,C66
INV321,Product B,14,2023-01-14 08:00:00,82.69,C55
INV322,Product B,15,2023-01-14 09:00:00,52.51,C72
INV323,Product B,9,2023-01-14 10:00:00,37.97,C48
INV324,Product A,15,2023-01-14 11:00:00,13.12,C91
INV325,Product A,17,2023-01-14 12:00:00,73.82,C22
INV326,Product A,4,2023-01-14 13:00:00,24.35,C27
INV327,Product C,12,2023-01-14 14:00:00,37.77,C93
INV328,Product E,5,2023-01-14 15:00:00,7.19,C67
INV329,Product B,5,2023-01-14 16:00:00,80.34,C13
INV330,Product B,11,2023-01-14 17:00:00,76.89,C45
INV331,Product C,6,2023-01-14 18:00:00,73.63,C10
INV332,Product B,7,2023-01-14 19:00:00,30.64,C100
INV333,Product A,14,2023-01-14 20:00:00,18.17,C9
INV334,Product E,11,2023-01-14 21:00:00,64.12,C54
INV335,Product D,13,2023-01-14 22:00:00,50.12,C27
INV336,Product B,2,2023-01-14 23:00:00,18.65,C34
INV337,Product A,7,2023-01-15 00:00:00,68.91,C1
INV338,Product D,4,2023-01-15 01:00:00,99.12,C32
INV339,Product E,8,2023-01-15 02:00:00,74.97,C89
INV340,Product D,19,2023-01-15 03:00:00,74.26,C93
INV341,Product A,13,2023-01-15 04:00:00,95.08,C71
INV342,Product D,14,2023-01-15 05:00:00,21.09,C67
INV343,Product C,10,2023-01-15 06:00:00,56.99,C84
INV344,Product D,11,2023-01-15 07:00:00,97.99,C20
INV345,Product B,2,2023-01-15 08:00:00,17.36,C94
INV346,Product B,9,2023-01-15 09:00:00,70.32,C35
INV347,Product C,17,2023-01-15 10:00:00,59.0,C99
INV348,Product A,3,2023-01-15 11:00:00,59.06,C91
INV349,Product B,6,2023-01-15 12:00:00,70.07,C90
INV350,Product E,5,2023-01-15 13:00:00,93.03,C78
INV351,Product B,5,2023-01-15 14:00:00,78.48,C17
INV352,Product B,15,2023-01-15 15:00:00,6.56,C18
INV353,Product A,17,2023-01-15 16:00:00,85.42,C45
INV354,Product D,9,2023-01-15 17:00:00,23.33,C93
INV355,Product B,3,2023-01-15 18:00:00,38.31,C84
INV356,Product C,17,2023-01-15 19:00:00,46.71,C53
INV357,Product D,10,2023-01-15 20:00:00,48.61,C91
INV358,Product E,3,2023-01-15 21:00:00,44.08,C82
INV359,Product A,18,2023-01-15 22:00:00,93.8,C68
INV360,Product E,18,2023-01-15 23:00:00,70.9,C65
INV361,Product D,17,2023-01-16 00:00:00,63.49,C1
INV362,Product D,3,2023-01-16 01:00:00,5.93,C58
INV363,Product D,3,2023-01-16 02:00:00,90.49,C26
INV364,Product E,6,2023-01-16 03:00:00,91.03,C20
INV365,Product D,13,2023-01-16 04:00:00,78.24,C87
INV366,Product E,15,2023-01-16 05:00:00,1.7,C10
INV367,Product D,9,2023-01-16 06:00:00,6.67,C59
INV368,Product C,4,2023-01-16 07:00:00,23.3,C75
INV369,Product D,14,2023-01-16 08:00:00,14.0,C41
INV370,Product E,5,2023-01-16 09:00:00,40.48,C5
INV371,Product B,2,2023-01-16 10:00:00,92.34,C65
INV372,Product D,11,2023-01-16 11:00:00,47.73,C17
INV373,Product B,9,2023-01-16 12:00:00,2.33,C22
INV374,Product C,3,2023-01-16 13:00:00,28.99,C98
INV375,Product A,9,2023-01-16 14:00:00,5.41,C41
INV376,Product C,3,2023-01-16 15:00:00,4.59,C93
INV377,Product D,2,2023-01-16 16:00:00,28.3,C68
INV378,Product B,12,2023-01-16 17:00:00,28.29,C69
INV379,Product B,10,2023-01-16 18:00:00,78.93,C11
INV380,Product E,9,2023-01-16 19:00:00,97.51,C56
INV381,Product B,15,2023-01-16 20:00:00,37.75,C51
INV382,Product E,8,2023-01-16 21:00:00,43.46,C21
INV383,Product A,5,2023-01-16 22:00:00,84.63,C99
INV384,Product D,11,2023-01-16 23:00:00,27.55,C76
INV385,Product E,2,2023-01-17 00:00:00,16.48,C26
INV386,Product A,15,2023-01-17 01:00:00,85.46,C19
INV387,Product B,6,2023-01-17 02:00:00,5.6,C60
INV388,Product B,8,2023-01-17 03:00:00,62.35,C71
INV389,Product A,5,2023-01-17 04:00:00,56.64,C47
INV390,Product B,16,2023-01-17 05:00:00,35.25,C71
INV391,Product A,18,2023-01-17 06:00:00,32.2,C26
INV392,Product E,6,2023-01-17 07:00:00,77.41,C40
INV393,Product E,5,2023-01-17 08:00:00,9.56,C5
INV394,Product A,16,2023-01-17 09:00:00,24.44,C21
INV395,Product E,13,2023-01-17 10:00:00,73.51,C78
INV396,Product E,5,2023-01-17 11:00:00,55.28,C4
INV397,Product E,13,2023-01-17 12:00:00,13.67,C23
INV398,Product C,17,2023-01-17 13:00:00,88.33,C84
INV399,Product D,18,2023-01-17 14:00:00,39.95,C15
INV400,Product B,8,2023-01-17 15:00:00,82.96,C93
INV401,Product C,13,2023-01-17 16:00:00,78.98,C8
INV402,Product E,19,2023-01-17 17:00:00,62.82,C41
INV403,Product A,3,2023-01-17 18:00:00,49.95,C19
INV404,Product E,8,2023-01-17 19:00:00,97.98,C46
INV405,Product D,2,2023-01-17 20:00:00,15.35,C28
INV406,Product E,8,2023-01-17 21:00:00,72.79,C91
INV407,Product A,13,2023-01-17 22:00:00,19.93,C68
INV408,Product D,13,2023-01-17 23:00:00,34.49,C15
INV409,Product E,1,2023-01-18 00:00:00,31.56,C99
INV410,Product D,6,2023-01-18 01:00:00,94.76,C37
INV411,Product B,19,2023-01-18 02:00:00,96.77,C1
INV412,Product B,16,2023-01-18 03:00:00,19.12,C67
INV413,Product E,8,2023-01-18 04:00:00,3.18,C24
INV414,Product D,1,2023-01-18 05:00:00,72.28,C27
INV415,Product A,16,2023-01-18 06:00:00,42.38,C40
INV416,Product E,9,2023-01-18 07:00:00,9.8,C63
INV417,Product B,13,2023-01-18 08:00:00,68.69,C61
INV418,Product B,11,2023-01-18 09:00:00,54.97,C36
INV419,Product E,13,2023-01-18 10:00:00,98.07,C98
INV420,Product D,10,2023-01-18 11:00:00,23.51,C93
INV421,Product B,4,2023-01-18 12:00:00,40.99,C24
INV422,Product D,6,2023-01-18 13:00:00,54.71,C24
INV423,Product B,7,2023-01-18 14:00:00,79.38,C4
INV424,Product B,5,2023-01-18 15:00:00,55.34,C67
INV425,Product C,11,2023-01-18 16:00:00,61.68,C34
INV426,Product B,13,2023-01-18 17:00:00,23.39,C57
INV427,Product A,19,2023-01-18 18:00:00,84.84,C49
INV428,Product E,10,2023-01-18 19:00:00,43.43,C87
INV429,Product E,10,2023-01-18 20:00:00,14.96,C53
INV430,Product D,11,2023-01-18 21:00:00,66.75,C23
INV431,Product B,7,2023-01-18 22:00:00,22.39,C69
INV432,Product A,18,2023-01-18 23:00:00,10.66,C95
INV433,Product D,4,2023-01-19 00:00:00,86.34,C53
INV434,Product C,2,2023-01-19 01:00:00,46.56,C62
INV435,Product D,14,2023-01-19 02:00:00,75.18,C41
INV436,Product D,13,2023-01-19 03:00:00,29.77,C57
INV437,Product B,12,2023-01-19 04:00:00,78.91,C60
INV438,Product C,7,2023-01-19 05:00:00,12.08,C54
INV439,Product D,2,2023-01-19 06:00:00,36.24,C70
INV440,Product A,13,2023-01-19 07:00:00,97.83,C57
INV441,Product A,14,2023-01-19 08:00:00,79.6,C10
INV442,Product E,17,2023-01-19 09:00:00,50.23,C40
INV443,Product C,9,2023-01-19 10:00:00,34.64,C7
INV444,Product C,17,2023-01-19 11:00:00,87.34,C38
INV445,Product E,8,2023-01-19 12:00:00,54.94,C85
INV446,Product D,2,2023-01-19 13:00:00,76.08,C61
INV447,Product C,13,2023-01-19 14:00:00,75.66,C84
INV448,Product A,3,2023-01-19 15:00:00,2.78,C3
INV449,Product A,16,2023-01-19 16:00:00,13.5,C51
INV450,Product B,6,2023-01-19 17:00:00,66.3,C86
INV451,Product C,19,2023-01-19 18:00:00,17.0,C47
INV452,Product D,7,2023-01-19 19:00:00,26.29,C68
INV453,Product E,10,2023-01-19 20:00:00,94.72,C92
INV454,Product E,9,2023-01-19 21:00:00,56.46,C76
INV455,Product D,2,2023-01-19 22:00:00,75.32,C38
INV456,Product B,15,2023-01-19 23:00:00,56.24,C36
INV457,Product E,5,2023-01-20 00:00:00,55.7,C41
INV458,Product C,4,2023-01-20 01:00:00,10.32,C69
INV459,Product B,4,2023-01-20 02:00:00,35.02,C13
INV460,Product C,18,2023-01-20 03:00:00,28.96,C87
INV461,Product A,4,2023-01-20 04:00:00,39.68,C58
INV462,Product B,17,2023-01-20 05:00:00,80.04,C50
INV463,Product E,12,2023-01-20 06:00:00,37.82,C30
INV464,Product B,17,2023-01-20 07:00:00,45.72,C62
INV465,Product B,10,2023-01-20 08:00:00,40.34,C25
INV466,Product B,1,2023-01-20 09:00:00,10.25,C27
INV467,Product B,18,2023-01-20 10:00:00,44.67,C51
INV468,Product C,18,2023-01-20 11:00:00,20.37,C78
INV469,Product A,14,2023-01-20 12:00:00,19.49,C57
INV470,Product D,15,2023-01-20 13:00:00,10.31,C47
INV471,Product B,12,2023-01-20 14:00:00,36.31,C100
INV472,Product E,4,2023-01-20 15:00:00,75.99,C39
INV473,Product B,3,2023-01-20 16:00:00,28.37,C16
INV474,Product E,12,2023-01-20 17:00:00,31.92,C22
INV475,Product C,7,2023-01-20 18:00:00,64.62,C85
INV476,Product E,11,2023-01-20 19:00:00,20.39,C54
INV477,Product D,1,2023-01-20 20:00:00,89.8,C21
INV478,Product A,6,2023-01-20 21:00:00,52.5,C72
INV479,Product E,15,2023-01-20 22:00:00,45.31,C16
INV480,Product E,15,2023-01-20 23:00:00,56.22,C59
INV481,Product A,19,2023-01-21 00:00:00,17.44,C31
INV482,Product D,11,2023-01-21 01:00:00,61.73,C42
INV483,Product B,2,2023-01-21 02:00:00,36.95,C74
INV484,Product E,14,2023-01-21 03:00:00,89.82,C32
INV485,Product A,2,2023-01-21 04:00:00,17.72,C59
INV486,Product C,4,2023-01-21 05:00:00,51.2,C34
INV487,Product A,17,2023-01-21 06:00:00,60.21,C9
INV488,Product C,3,2023-01-21 07:00:00,4.3,C81
INV489,Product D,13,2023-01-21 08:00:00,37.01,C11
INV490,Product B,9,2023-01-21 09:00:00,73.53,C96
INV491,Product A,7,2023-01-21 10:00:00,82.22,C10
INV492,Product E,15,2023-01-21 11:00:00,32.0,C86
INV493,Product D,11,2023-01-21 12:00:00,80.06,C17
INV494,Product A,2,2023-01-21 13:00:00,96.81,C68
INV495,Product E,15,2023-01-21 14:00:00,85.83,C48
INV496,Product A,14,2023-01-21 15:00:00,12.65,C52
INV497,Product C,11,2023-01-21 16:00:00,74.23,C25
INV498,Product A,3,2023-01-21 17:00:00,32.65,C21
INV499,Product A,17,2023-01-21 18:00:00,98.85,C65
INV500,Product A,12,2023-01-21 19:00:00,49.05,C63
INV501,Product D,15,2023-01-21 20:00:00,13.12,C89
INV502,Product A,16,2023-01-21 21:00:00,72.79,C51
INV503,Product E,5,2023-01-21 22:00:00,32.98,C36
INV504,Product C,6,2023-01-21 23:00:00,99.71,C81
INV505,Product C,19,2023-01-22 00:00:00,98.0,C88
INV506,Product A,5,2023-01-22 01:00:00,65.96,C66
INV507,Product D,3,2023-01-22 02:00:00,13.85,C15
INV508,Product D,1,2023-01-22 03:00:00,69.0,C96
INV509,Product E,6,2023-01-22 04:00:00,10.21,C39
INV510,Product A,15,2023-01-22 05:00:00,3.91,C70
INV511,Product C,2,2023-01-22 06:00:00,82.47,C1
INV512,Product D,3,2023-01-22 07:00:00,21.77,C23
INV513,Product A,17,2023-01-22 08:00:00,38.52,C39
INV514,Product D,12,2023-01-22 09:00:00,97.37,C57
INV515,Product D,18,2023-01-22 10:00:00,34.35,C81
INV516,Product C,15,2023-01-22 11:00:00,30.35,C34
INV517,Product B,12,2023-01-22 12:00:00,91.9,C41
INV518,Product E,16,2023-01-22 13:00:00,11.96,C93
INV519,Product E,8,2023-01-22 14:00:00,76.2,C73
INV520,Product C,14,2023-01-22 15:00:00,98.82,C13
INV521,Product D,17,2023-01-22 16:00:00,90.23,C70
INV522,Product A,8,2023-01-22 17:00:00,65.52,C6
INV523,Product D,15,2023-01-22 18:00:00,32.09,C84
INV524,Product C,14,2023-01-22 19:00:00,26.18,C52
INV525,Product E,18,2023-01-22 20:00:00,82.11,C3
INV526,Product D,7,2023-01-22 21:00:00,88.1,C81
INV527,Product E,3,2023-01-22 22:00:00,53.02,C63
INV528,Product A,12,2023-01-22 23:00:00,25.19,C49
INV529,Product E,3,2023-01-23 00:00:00,12.18,C76
INV530,Product E,14,2023-01-23 01:00:00,9.63,C47
INV531,Product B,15,2023-01-23 02:00:00,72.19,C55
INV532,Product B,14,2023-01-23 03:00:00,42.59,C64
INV533,Product B,7,2023-01-23 04:00:00,90.63,C65
INV534,Product E,17,2023-01-23 05:00:00,74.23,C81
INV535,Product C,12,2023-01-23 06:00:00,19.93,C67
INV536,Product E,4,2023-01-23 07:00:00,61.76,C90
INV537,Product C,9,2023-01-23 08:00:00,44.12,C15
INV538,Product C,6,2023-01-23 09:00:00,58.15,C100
INV539,Product B,16,2023-01-23 10:00:00,74.07,C32
INV540,Product D,2,2023-01-23 11:00:00,80.81,C96
INV541,Product A,8,2023-01-23 12:00:00,84.53,C68
INV542,Product B,11,2023-01-23 13:00:00,26.14,C18
INV543,Product B,13,2023-01-23 14:00:00,4.08,C83
INV544,Product D,17,2023-01-23 15:00:00,74.19,C43
INV545,Product A,8,2023-01-23 16:00:00,11.53,C35
INV546,Product E,18,2023-01-23 17:00:00,32.18,C78
INV547,Product E,18,2023-01-23 18:00:00,1.38,C58
INV548,Product B,14,2023-01-23 19:00:00,68.49,C33
INV549,Product A,15,2023-01-23 20:00:00,17.55,C14
INV550,Product B,6,2023-01-23 21:00:00,65.87,C34
INV551,Product C,11,2023-01-23 22:00:00,99.18,C61
INV552,Product B,13,2023-01-23 23:00:00,8.19,C4
INV553,Product B,1,2023-01-24 00:00:00,8.63,C88
INV554,Product E,6,2023-01-24 01:00:00,34.7,C59
INV555,Product E,9,2023-01-24 02:00:00,86.77,C29
INV556,Product E,8,2023-01-24 03:00:00,22.34,C83
INV557,Product C,11,2023-01-24 04:00:00,36.68,C6
INV558,Product E,19,2023-01-24 05:00:00,7.78,C97
INV559,Product A,9,2023-01-24 06:00:00,76.55,C49
INV560,Product D,17,2023-01-24 07:00:00,41.42,C40
INV561,Product A,12,2023-01-24 08:00:00,76.17,C83
INV562,Product A,14,2023-01-24 09:00:00,90.46,C65
INV563,Product E,15,2023-01-24 10:00:00,24.04,C69
INV564,Product D,16,2023-01-24 11:00:00,80.93,C27
INV565,Product D,1,2023-01-24 12:00:00,6.85,C80
INV566,Product D,10,2023-01-24 13:00:00,89.99,C6
INV567,Product C,8,2023-01-24 14:00:00,65.43,C13
INV568,Product E,18,2023-01-24 15:00:00,87.55,C64
INV569,Product D,1,2023-01-24 16:00:00,1.02,C62
INV570,Product C,2,2023-01-24 17:00:00,17.74,C99
INV571,Product B,1,2023-01-24 18:00:00,39.59,C19
INV572,Product B,1,2023-01-24 19:00:00,38.57,C76
INV573,Product C,9,2023-01-24 20:00:00,23.45,C80
INV574,Product C,13,2023-01-24 21:00:00,38.78,C43
INV575,Product E,1,2023-01-24 22:00:00,13.76,C74
INV576,Product E,13,2023-01-24 23:00:00,41.86,C89
INV577,Product B,7,2023-01-25 00:00:00,80.43,C20
INV578,Product D,2,2023-01-25 01:00:00,48.43,C95
INV579,Product B,6,2023-01-25 02:00:00,2.78,C68
INV580,Product D,7,2023-01-25 03:00:00,42.72,C44
INV581,Product D,14,2023-01-25 04:00:00,3.69,C23
INV582,Product E,18,2023-01-25 05:00:00,96.66,C2
INV583,Product A,15,2023-01-25 06:00:00,13.62,C22
INV584,Product A,2,2023-01-25 07:00:00,71.06,C57
INV585,Product C,10,2023-01-25 08:00:00,97.3,C72
INV586,Product E,12,2023-01-25 09:00:00,82.78,C7
INV587,Product D,17,2023-01-25 10:00:00,70.23,C78
INV588,Product A,8,2023-01-25 11:00:00,84.11,C56
INV589,Product D,11,2023-01-25 12:00:00,98.2,C67
INV590,Product A,3,2023-01-25 13:00:00,62.51,C16
INV591,Product A,6,2023-01-25 14:00:00,56.36,C83
INV592,Product A,9,2023-01-25 15:00:00,63.2,C51
INV593,Product E,6,2023-01-25 16:00:00,53.73,C82
INV594,Product B,9,2023-01-25 17:00:00,63.87,C80
INV595,Product D,7,2023-01-25 18:00:00,45.53,C72
INV596,Product E,9,2023-01-25 19:00:00,22.63,C97
INV597,Product E,18,2023-01-25 20:00:00,12.9,C12
INV598,Product E,12,2023-01-25 21:00:00,7.77,C53
INV599,Product E,8,2023-01-25 22:00:00,27.07,C75
INV600,Product E,8,2023-01-25 23:00:00,5.57,C5
INV601,Product C,18,2023-01-26 00:00:00,57.15,C27
INV602,Product D,15,2023-01-26 01:00:00,29.1,C12
INV603,Product E,7,2023-01-26 02:00:00,82.63,C17
INV604,Product D,11,2023-01-26 03:00:00,8.35,C6
INV605,Product C,16,2023-01-26 04:00:00,23.41,C97
INV606,Product C,4,2023-01-26 05:00:00,73.29,C5
INV607,Product D,6,2023-01-26 06:00:00,60.28,C57
INV608,Product A,3,2023-01-26 07:00:00,7.38,C28
INV609,Product B,9,2023-01-26 08:00:00,87.85,C78
INV610,Product A,10,2023-01-26 09:00:00,87.85,C69
INV611,Product A,14,2023-01-26 10:00:00,33.71,C59
INV612,Product A,11,2023-01-26 11:00:00,34.7,C33
INV613,Product E,18,2023-01-26 12:00:00,98.91,C62
INV614,Product C,12,2023-01-26 13:00:00,62.99,C50
INV615,Product A,12,2023-01-26 14:00:00,53.6,C19
INV616,Product C,13,2023-01-26 15:00:00,83.98,C86
INV617,Product D,13,2023-01-26 16:00:00,29.24,C69
INV618,Product B,19,2023-01-26 17:00:00,43.49,C66
INV619,Product D,19,2023-01-26 18:00:00,27.51,C94
INV620,Product D,14,2023-01-26 19:00:00,79.13,C47
INV621,Product E,4,2023-01-26 20:00:00,57.76,C39
INV622,Product B,13,2023-01-26 21:00:00,66.22,C68
INV623,Product D,8,2023-01-26 22:00:00,25.98,C33
INV624,Product D,19,2023-01-26 23:00:00,22.8,C13
INV625,Product B,12,2023-01-27 00:00:00,49.35,C84
INV626,Product B,18,2023-01-27 01:00:00,74.02,C54
INV627,Product D,6,2023-01-27 02:00:00,53.0,C7
INV628,Product B,18,2023-01-27 03:00:00,4.23,C79
INV629,Product D,19,2023-01-27 04:00:00,86.99,C87
INV630,Product D,5,2023-01-27 05:00:00,7.4,C14
INV631,Product E,9,2023-01-27 06:00:00,95.63,C87
INV632,Product A,3,2023-01-27 07:00:00,3.49,C19
INV633,Product D,10,2023-01-27 08:00:00,69.75,C54
INV634,Product C,19,2023-01-27 09:00:00,9.14,C93
INV635,Product A,3,2023-01-27 10:00:00,91.16,C20
INV636,Product A,15,2023-01-27 11:00:00,46.98,C29
INV637,Product A,1,2023-01-27 12:00:00,14.61,C24
INV638,Product E,7,2023-01-27 13:00:00,34.74,C82
INV639,Product D,12,2023-01-27 14:00:00,17.32,C63
INV640,Product E,17,2023-01-27 15:00:00,17.89,C74
INV641,Product D,5,2023-01-27 16:00:00,94.86,C57
INV642,Product E,4,2023-01-27 17:00:00,45.08,C8
INV643,Product E,12,2023-01-27 18:00:00,79.09,C90
INV644,Product C,18,2023-01-27 19:00:00,64.32,C62
INV645,Product E,17,2023-01-27 20:00:00,67.97,C29
INV646,Product B,19,2023-01-27 21:00:00,14.04,C74
INV647,Product C,9,2023-01-27 22:00:00,24.18,C17
INV648,Product E,4,2023-01-27 23:00:00,78.89,C66
INV649,Product A,2,2023-01-28 00:00:00,97.11,C6
INV650,Product B,4,2023-01-28 01:00:00,27.0,C58
INV651,Product B,2,2023-01-28 02:00:00,27.89,C69
INV652,Product B,15,2023-01-28 03:00:00,47.82,C28
INV653,Product C,2,2023-01-28 04:00:00,98.4,C62
INV654,Product E,4,2023-01-28 05:00:00,27.63,C41
INV655,Product E,6,2023-01-28 06:00:00,41.29,C69
INV656,Product A,7,2023-01-28 07:00:00,89.26,C82
INV657,Product A,10,2023-01-28 08:00:00,1.29,C90
INV658,Product B,19,2023-01-28 09:00:00,4.94,C84
INV659,Product A,19,2023-01-28 10:00:00,60.8,C41
INV660,Product C,12,2023-01-28 11:00:00,90.83,C49
INV661,Product E,3,2023-01-28 12:00:00,24.65,C91
INV662,Product B,13,2023-01-28 13:00:00,47.49,C49
INV663,Product A,18,2023-01-28 14:00:00,45.6,C76
INV664,Product C,8,2023-01-28 15:00:00,47.82,C71
INV665,Product C,15,2023-01-28 16:00:00,62.63,C3
INV666,Product A,1,2023-01-28 17:00:00,47.5,C10
INV667,Product E,3,2023-01-28 18:00:00,45.3,C98
INV668,Product A,8,2023-01-28 19:00:00,47.95,C89
INV669,Product B,4,2023-01-28 20:00:00,59.5,C35
INV670,Product A,16,2023-01-28 21:00:00,54.16,C80
INV671,Product C,10,2023-01-28 22:00:00,85.56,C2
INV672,Product A,12,2023-01-28 23:00:00,5.9,C24
INV673,Product E,14,2023-01-29 00:00:00,83.5,C74
INV674,Product D,14,2023-01-29 01:00:00,84.55,C38
INV675,Product A,2,2023-01-29 02:00:00,29.21,C22
INV676,Product E,5,2023-01-29 03:00:00,46.82,C26
INV677,Product E,5,2023-01-29 04:00:00,44.42,C43
INV678,Product C,6,2023-01-29 05:00:00,22.63,C55
INV679,Product E,13,2023-01-29 06:00:00,40.28,C39
INV680,Product E,9,2023-01-29 07:00:00,5.39,C91
INV681,Product E,15,2023-01-29 08:00:00,28.5,C29
INV682,Product E,14,2023-01-29 09:00:00,81.85,C20
INV683,Product B,7,2023-01-29 10:00:00,29.17,C91
INV684,Product B,2,2023-01-29 11:00:00,82.0,C41
INV685,Product C,7,2023-01-29 12:00:00,53.63,C54
INV686,Product A,6,2023-01-29 13:00:00,88.11,C20
INV687,Product E,17,2023-01-29 14:00:00,57.9,C19
INV688,Product A,2,2023-01-29 15:00:00,3.94,C84
INV689,Product A,3,2023-01-29 16:00:00,67.87,C99
INV690,Product C,5,2023-01-29 17:00:00,5.44,C66
INV691,Product E,5,2023-01-29 18:00:00,45.61,C30
INV692,Product E,1,2023-01-29 19:00:00,93.01,C53
INV693,Product D,8,2023-01-29 20:00:00,17.36,C34
INV694,Product A,12,2023-01-29 21:00:00,39.6,C22
INV695,Product A,4,2023-01-29 22:00:00,73.26,C67
INV696,Product B,13,2023-01-29 23:00:00,88.34,C6
INV697,Product D,15,2023-01-30 00:00:00,67.42,C79
INV698,Product B,11,2023-01-30 01:00:00,26.56,C27
INV699,Product B,10,2023-01-30 02:00:00,67.79,C10
INV700,Product B,3,2023-01-30 03:00:00,30.38,C73
INV701,Product C,14,2023-01-30 04:00:00,72.12,C97
INV702,Product C,16,2023-01-30 05:00:00,95.45,C96
INV703,Product B,10,2023-01-30 06:00:00,72.42,C48
INV704,Product D,10,2023-01-30 07:00:00,86.43,C70
INV705,Product A,12,2023-01-30 08:00:00,1.21,C59
INV706,Product D,9,2023-01-30 09:00:00,72.04,C100
INV707,Product E,1,2023-01-30 10:00:00,83.13,C59
INV708,Product C,5,2023-01-30 11:00:00,5.02,C2
INV709,Product A,8,2023-01-30 12:00:00,87.29,C29
INV710,Product A,11,2023-01-30 13:00:00,26.41,C68
INV711,Product E,12,2023-01-30 14:00:00,66.86,C65
INV712,Product E,1,2023-01-30 15:00:00,80.24,C83
INV713,Product B,11,2023-01-30 16:00:00,66.6,C26
INV714,Product C,5,2023-01-30 17:00:00,10.14,C89
INV715,Product C,15,2023-01-30 18:00:00,60.04,C10
INV716,Product D,5,2023-01-30 19:00:00,55.41,C53
INV717,Product B,12,2023-01-30 20:00:00,90.13,C79
INV718,Product B,5,2023-01-30 21:00:00,41.02,C59
INV719,Product B,17,2023-01-30 22:00:00,32.79,C22
INV720,Product B,17,2023-01-30 23:00:00,75.24,C51
INV721,Product C,12,2023-01-31 00:00:00,41.85,C48
INV722,Product C,15,2023-01-31 01:00:00,64.96,C21
INV723,Product B,15,2023-01-31 02:00:00,65.0,C22
INV724,Product D,6,2023-01-31 03:00:00,88.92,C100
INV725,Product A,12,2023-01-31 04:00:00,60.27,C98
INV726,Product A,18,2023-01-31 05:00:00,50.71,C30
INV727,Product D,14,2023-01-31 06:00:00,14.75,C25
INV728,Product B,2,2023-01-31 07:00:00,12.46,C28
INV729,Product C,9,2023-01-31 08:00:00,16.28,C65
INV730,Product A,5,2023-01-31 09:00:00,18.01,C45
INV731,Product E,1,2023-01-31 10:00:00,64.15,C68
INV732,Product E,3,2023-01-31 11:00:00,74.36,C7
INV733,Product D,6,2023-01-31 12:00:00,53.47,C49
INV734,Product B,5,2023-01-31 13:00:00,83.07,C9
INV735,Product A,5,2023-01-31 14:00:00,99.14,C36
INV736,Product B,1,2023-01-31 15:00:00,82.18,C83
INV737,Product A,17,2023-01-31 16:00:00,69.79,C1
INV738,Product D,19,2023-01-31 17:00:00,53.72,C10
INV739,Product D,14,2023-01-31 18:00:00,45.44,C36
INV740,Product E,12,2023-01-31 19:00:00,9.35,C73
INV741,Product B,10,2023-01-31 20:00:00,40.54,C46
INV742,Product E,18,2023-01-31 21:00:00,91.1,C32
INV743,Product B,11,2023-01-31 22:00:00,80.99,C32
INV744,Product E,2,2023-01-31 23:00:00,22.39,C6
INV745,Product C,18,2023-02-01 00:00:00,47.19,C48
INV746,Product C,7,2023-02-01 01:00:00,81.86,C38
INV747,Product C,15,2023-02-01 02:00:00,7.67,C17
INV748,Product C,11,2023-02-01 03:00:00,39.35,C74
INV749,Product A,18,2023-02-01 04:00:00,85.33,C27
INV750,Product C,12,2023-02-01 05:00:00,40.99,C54
INV751,Product D,6,2023-02-01 06:00:00,8.68,C50
INV752,Product D,13,2023-02-01 07:00:00,54.71,C35
INV753,Product A,16,2023-02-01 08:00:00,86.31,C85
INV754,Product C,18,2023-02-01 09:00:00,59.44,C25
INV755,Product C,10,2023-02-01 10:00:00,23.4,C28
INV756,Product C,8,2023-02-01 11:00:00,39.04,C15
INV757,Product E,18,2023-02-01 12:00:00,45.56,C4
INV758,Product B,1,2023-02-01 13:00:00,58.35,C93
INV759,Product E,8,2023-02-01 14:00:00,76.18,C73
INV760,Product B,6,2023-02-01 15:00:00,10.79,C27
INV761,Product C,5,2023-02-01 16:00:00,89.08,C26
INV762,Product C,15,2023-02-01 17:00:00,2.22,C19
INV763,Product E,15,2023-02-01 18:00:00,37.64,C92
INV764,Product E,2,2023-02-01 19:00:00,3.71,C17
INV765,Product B,1,2023-02-01 20:00:00,39.9,C43
INV766,Product D,11,2023-02-01 21:00:00,53.06,C41
INV767,Product B,10,2023-02-01 22:00:00,51.66,C42
INV768,Product E,18,2023-02-01 23:00:00,17.4,C50
INV769,Product E,18,2023-02-02 00:00:00,64.93,C84
INV770,Product A,17,2023-02-02 01:00:00,5.43,C40
INV771,Product E,8,2023-02-02 02:00:00,76.43,C39
INV772,Product A,15,2023-02-02 03:00:00,94.72,C23
INV773,Product D,8,2023-02-02 04:00:00,34.64,C96
INV774,Product B,17,2023-02-02 05:00:00,52.21,C52
INV775,Product B,12,2023-02-02 06:00:00,38.51,C47
INV776,Product A,8,2023-02-02 07:00:00,1.66,C63
INV777,Product B,14,2023-02-02 08:00:00,39.2,C97
INV778,Product E,4,2023-02-02 09:00:00,79.38,C69
INV779,Product C,1,2023-02-02 10:00:00,60.0,C43
INV780,Product A,1,2023-02-02 11:00:00,11.02,C48
INV781,Product B,19,2023-02-02 12:00:00,84.87,C34
INV782,Product A,16,2023-02-02 13:00:00,53.58,C40
INV783,Product A,14,2023-02-02 14:00:00,84.33,C75
INV784,Product C,16,2023-02-02 15:00:00,58.44,C61
INV785,Product E,5,2023-02-02 16:00:00,56.41,C50
INV786,Product A,9,2023-02-02 17:00:00,11.42,C67
INV787,Product B,2,2023-02-02 18:00:00,17.57,C62
INV788,Product D,18,2023-02-02 19:00:00,97.23,C58
INV789,Product A,6,2023-02-02 20:00:00,23.62,C33
INV790,Product A,9,2023-02-02 21:00:00,97.77,C75
INV791,Product C,1,2023-02-02 22:00:00,53.66,C16
INV792,Product E,9,2023-02-02 23:00:00,14.44,C82
INV793,Product D,16,2023-02-03 00:00:00,10.83,C94
INV794,Product B,13,2023-02-03 01:00:00,21.68,C48
INV795,Product D,9,2023-02-03 02:00:00,92.64,C10
INV796,Product B,13,2023-02-03 03:00:00,42.0,C82
INV797,Product E,9,2023-02-03 04:00:00,40.15,C38
INV798,Product B,11,2023-02-03 05:00:00,32.01,C19
INV799,Product C,4,2023-02-03 06:00:00,15.56,C36
INV800,Product C,2,2023-02-03 07:00:00,49.3,C59
INV801,Product C,6,2023-02-03 08:00:00,13.87,C63
INV802,Product C,14,2023-02-03 09:00:00,83.71,C77
INV803,Product D,4,2023-02-03 10:00:00,37.67,C46
INV804,Product E,6,2023-02-03 11:00:00,38.11,C3
INV805,Product B,19,2023-02-03 12:00:00,47.93,C74
INV806,Product B,6,2023-02-03 13:00:00,44.97,C65
INV807,Product C,2,2023-02-03 14:00:00,99.49,C91
INV808,Product C,18,2023-02-03 15:00:00,54.99,C8
INV809,Product A,13,2023-02-03 16:00:00,9.73,C51
INV810,Product E,9,2023-02-03 17:00:00,61.08,C81
INV811,Product D,19,2023-02-03 18:00:00,16.01,C73
INV812,Product B,13,2023-02-03 19:00:00,4.06,C6
INV813,Product A,11,2023-02-03 20:00:00,97.1,C89
INV814,Product A,1,2023-02-03 21:00:00,77.58,C39
INV815,Product B,7,2023-02-03 22:00:00,98.03,C60
INV816,Product D,15,2023-02-03 23:00:00,48.31,C28
INV817,Product A,1,2023-02-04 00:00:00,53.69,C97
INV818,Product A,12,2023-02-04 01:00:00,17.67,C54
INV819,Product E,7,2023-02-04 02:00:00,25.44,C37
INV820,Product D,15,2023-02-04 03:00:00,84.02,C9
INV821,Product A,19,2023-02-04 04:00:00,36.26,C82
INV822,Product D,1,2023-02-04 05:00:00,82.85,C56
INV823,Product B,17,2023-02-04 06:00:00,71.19,C59
INV824,Product C,17,2023-02-04 07:00:00,18.54,C85
INV825,Product A,3,2023-02-04 08:00:00,51.24,C2
INV826,Product E,12,2023-02-04 09:00:00,68.06,C61
INV827,Product B,6,2023-02-04 10:00:00,24.27,C58
INV828,Product D,11,2023-02-04 11:00:00,83.24,C60
INV829,Product B,3,2023-02-04 12:00:00,54.94,C40
INV830,Product A,8,2023-02-04 13:00:00,17.36,C36
INV831,Product D,14,2023-02-04 14:00:00,58.72,C37
INV832,Product C,14,2023-02-04 15:00:00,99.97,C79
INV833,Product B,10,2023-02-04 16:00:00,15.9,C92
INV834,Product A,2,2023-02-04 17:00:00,81.86,C18
INV835,Product E,14,2023-02-04 18:00:00,21.52,C98
INV836,Product D,9,2023-02-04 19:00:00,78.46,C63
INV837,Product B,3,2023-02-04 20:00:00,73.72,C22
INV838,Product B,8,2023-02-04 21:00:00,30.75,C11
INV839,Product C,16,2023-02-04 22:00:00,33.26,C58
INV840,Product C,2,2023-02-04 23:00:00,79.46,C57
INV841,Product E,6,2023-02-05 00:00:00,46.68,C77
INV842,Product E,12,2023-02-05 01:00:00,73.35,C4
INV843,Product A,5,2023-02-05 02:00:00,15.65,C86
INV844,Product A,2,2023-02-05 03:00:00,85.4,C7
INV845,Product E,16,2023-02-05 04:00:00,71.38,C61
INV846,Product E,5,2023-02-05 05:00:00,90.79,C54
INV847,Product D,15,2023-02-05 06:00:00,14.1,C88
INV848,Product C,12,2023-02-05 07:00:00,59.71,C68
INV849,Product A,4,2023-02-05 08:00:00,60.31,C92
INV850,Product C,15,2023-02-05 09:00:00,35.99,C79
INV851,Product C,11,2023-02-05 10:00:00,46.39,C1
INV852,Product E,16,2023-02-05 11:00:00,4.76,C55
INV853,Product D,6,2023-02-05 12:00:00,74.84,C3
INV854,Product B,14,2023-02-05 13:00:00,55.38,C78
INV855,Product D,18,2023-02-05 14:00:00,6.72,C38
INV856,Product D,12,2023-02-05 15:00:00,68.39,C1
INV857,Product C,11,2023-02-05 16:00:00,47.21,C38
INV858,Product D,13,2023-02-05 17:00:00,4.41,C85
INV859,Product A,11,2023-02-05 18:00:00,96.99,C29
INV860,Product C,16,2023-02-05 19:00:00,94.96,C5
INV861,Product A,15,2023-02-05 20:00:00,51.78,C74
INV862,Product B,15,2023-02-05 21:00:00,10.27,C92
INV863,Product C,4,2023-02-05 22:00:00,75.71,C21
INV864,Product B,11,2023-02-05 23:00:00,49.7,C71
INV865,Product C,19,2023-02-06 00:00:00,30.94,C67
INV866,Product E,15,2023-02-06 01:00:00,49.65,C47
INV867,Product D,4,2023-02-06 02:00:00,52.72,C84
INV868,Product E,13,2023-02-06 03:00:00,56.71,C83
INV869,Product B,19,2023-02-06 04:00:00,44.68,C35
INV870,Product D,2,2023-02-06 05:00:00,60.97,C68
INV871,Product C,14,2023-02-06 06:00:00,91.95,C69
INV872,Product D,4,2023-02-06 07:00:00,36.86,C1
INV873,Product A,16,2023-02-06 08:00:00,72.85,C68
INV874,Product D,14,2023-02-06 09:00:00,89.55,C12
INV875,Product A,15,2023-02-06 10:00:00,46.14,C60
INV876,Product D,3,2023-02-06 11:00:00,44.9,C27
INV877,Product A,8,2023-02-06 12:00:00,60.61,C56
INV878,Product B,16,2023-02-06 13:00:00,59.55,C23
INV879,Product E,10,2023-02-06 14:00:00,80.85,C25
INV880,Product C,4,2023-02-06 15:00:00,48.17,C21
INV881,Product D,18,2023-02-06 16:00:00,99.62,C61
INV882,Product E,2,2023-02-06 17:00:00,6.89,C63
INV883,Product C,17,2023-02-06 18:00:00,1.31,C52
INV884,Product C,13,2023-02-06 19:00:00,64.38,C88
INV885,Product A,4,2023-02-06 20:00:00,30.55,C25
INV886,Product B,11,2023-02-06 21:00:00,24.8,C55
INV887,Product B,7,2023-02-06 22:00:00,31.88,C46
INV888,Product E,12,2023-02-06 23:00:00,26.35,C32
INV889,Product B,10,2023-02-07 00:00:00,4.05,C55
INV890,Product D,7,2023-02-07 01:00:00,97.18,C96
INV891,Product B,13,2023-02-07 02:00:00,22.85,C5
INV892,Product E,7,2023-02-07 03:00:00,73.67,C36
INV893,Product B,17,2023-02-07 04:00:00,76.5,C49
INV894,Product D,10,2023-02-07 05:00:00,93.0,C58
INV895,Product A,10,2023-02-07 06:00:00,4.02,C39
INV896,Product E,4,2023-02-07 07:00:00,87.33,C80
INV897,Product A,4,2023-02-07 08:00:00,53.2,C97
INV898,Product A,7,2023-02-07 09:00:00,63.62,C85
INV899,Product A,1,2023-02-07 10:00:00,64.8,C61
INV900,Product C,12,2023-02-07 11:00:00,82.16,C9
INV901,Product C,13,2023-02-07 12:00:00,34.01,C6
INV902,Product A,10,2023-02-07 13:00:00,73.57,C35
INV903,Product E,15,2023-02-07 14:00:00,53.33,C39
INV904,Product D,13,2023-02-07 15:00:00,79.55,C22
INV905,Product D,9,2023-02-07 16:00:00,99.06,C41
INV906,Product B,9,2023-02-07 17:00:00,20.86,C5
INV907,Product E,15,2023-02-07 18:00:00,99.47,C42
INV908,Product C,10,2023-02-07 19:00:00,9.89,C87
INV909,Product A,10,2023-02-07 20:00:00,1.23,C81
INV910,Product B,8,2023-02-07 21:00:00,5.37,C76
INV911,Product D,16,2023-02-07 22:00:00,34.84,C87
INV912,Product C,17,2023-02-07 23:00:00,63.66,C80
INV913,Product C,5,2023-02-08 00:00:00,7.83,C67
INV914,Product A,4,2023-02-08 01:00:00,1.56,C30
INV915,Product D,18,2023-02-08 02:00:00,93.77,C57
INV916,Product E,19,2023-02-08 03:00:00,82.37,C86
INV917,Product C,4,2023-02-08 04:00:00,81.11,C73
INV918,Product A,7,2023-02-08 05:00:00,88.56,C29
INV919,Product E,10,2023-02-08 06:00:00,70.3,C37
INV920,Product D,18,2023-02-08 07:00:00,11.34,C87
INV921,Product C,19,2023-02-08 08:00:00,40.51,C13
INV922,Product E,4,2023-02-08 09:00:00,72.59,C32
INV923,Product E,10,2023-02-08 10:00:00,28.75,C46
INV924,Product E,1,2023-02-08 11:00:00,69.05,C23
INV925,Product C,18,2023-02-08 12:00:00,3.43,C45
INV926,Product C,5,2023-02-08 13:00:00,31.31,C17
INV927,Product B,15,2023-02-08 14:00:00,55.36,C85
INV928,Product D,17,2023-02-08 15:00:00,63.58,C66
INV929,Product A,3,2023-02-08 16:00:00,58.13,C6
INV930,Product E,12,2023-02-08 17:00:00,70.08,C18
INV931,Product B,2,2023-02-08 18:00:00,1.6,C94
INV932,Product A,1,2023-02-08 19:00:00,10.99,C22
INV933,Product B,17,2023-02-08 20:00:00,87.03,C33
INV934,Product C,16,2023-02-08 21:00:00,68.49,C30
INV935,Product E,5,2023-02-08 22:00:00,12.18,C81
INV936,Product A,15,2023-02-08 23:00:00,84.37,C32
INV937,Product A,3,2023-02-09 00:00:00,24.98,C42
INV938,Product A,7,2023-02-09 01:00:00,48.35,C78
INV939,Product A,11,2023-02-09 02:00:00,15.37,C10
INV940,Product A,10,2023-02-09 03:00:00,71.3,C36
INV941,Product B,9,2023-02-09 04:00:00,67.02,C34
INV942,Product E,14,2023-02-09 05:00:00,21.9,C73
INV943,Product C,13,2023-02-09 06:00:00,86.48,C28
INV944,Product C,2,2023-02-09 07:00:00,40.73,C11
INV945,Product C,3,2023-02-09 08:00:00,29.96,C78
INV946,Product C,7,2023-02-09 09:00:00,16.08,C39
INV947,Product B,18,2023-02-09 10:00:00,27.35,C47
INV948,Product D,3,2023-02-09 11:00:00,3.18,C19
INV949,Product E,10,2023-02-09 12:00:00,58.74,C15
INV950,Product A,7,2023-02-09 13:00:00,84.38,C28
INV951,Product D,9,2023-02-09 14:00:00,55.35,C24
INV952,Product C,17,2023-02-09 15:00:00,22.71,C72
INV953,Product D,11,2023-02-09 16:00:00,4.33,C9
INV954,Product E,7,2023-02-09 17:00:00,22.25,C47
INV955,Product A,14,2023-02-09 18:00:00,42.2,C33
INV956,Product A,19,2023-02-09 19:00:00,76.2,C62
INV957,Product E,4,2023-02-09 20:00:00,19.6,C97
INV958,Product E,6,2023-02-09 21:00:00,72.26,C19
INV959,Product C,10,2023-02-09 22:00:00,86.83,C67
INV960,Product A,7,2023-02-09 23:00:00,45.94,C74
INV961,Product D,13,2023-02-10 00:00:00,82.32,C40
INV962,Product B,14,2023-02-10 01:00:00,55.91,C47
INV963,Product B,4,2023-02-10 02:00:00,64.07,C65
INV964,Product E,8,2023-02-10 03:00:00,53.1,C29
INV965,Product C,5,2023-02-10 04:00:00,46.85,C50
INV966,Product B,1,2023-02-10 05:00:00,24.23,C98
INV967,Product A,4,2023-02-10 06:00:00,31.02,C13
INV968,Product E,3,2023-02-10 07:00:00,29.71,C1
INV969,Product D,9,2023-02-10 08:00:00,56.77,C34
INV970,Product E,8,2023-02-10 09:00:00,12.88,C93
INV971,Product D,1,2023-02-10 10:00:00,91.76,C48
INV972,Product E,6,2023-02-10 11:00:00,72.34,C77
INV973,Product E,9,2023-02-10 12:00:00,40.74,C48
INV974,Product E,7,2023-02-10 13:00:00,16.7,C49
INV975,Product D,4,2023-02-10 14:00:00,88.32,C64
INV976,Product D,13,2023-02-10 15:00:00,82.55,C61
INV977,Product E,17,2023-02-10 16:00:00,72.45,C29
INV978,Product B,2,2023-02-10 17:00:00,27.88,C39
INV979,Product C,5,2023-02-10 18:00:00,40.84,C88
INV980,Product C,12,2023-02-10 19:00:00,11.17,C26
INV981,Product C,8,2023-02-10 20:00:00,19.71,C17
INV982,Product D,6,2023-02-10 21:00:00,78.52,C71
INV983,Product D,8,2023-02-10 22:00:00,71.79,C13
INV984,Product B,18,2023-02-10 23:00:00,59.76,C69
INV985,Product C,3,2023-02-11 00:00:00,89.68,C26
INV986,Product C,12,2023-02-11 01:00:00,58.74,C49
INV987,Product E,3,2023-02-11 02:00:00,47.23,C67
INV988,Product D,6,2023-02-11 03:00:00,34.7,C7
INV989,Product C,2,2023-02-11 04:00:00,94.1,C58
INV990,Product B,12,2023-02-11 05:00:00,9.19,C49
INV991,Product B,2,2023-02-11 06:00:00,93.16,C53
INV992,Product C,6,2023-02-11 07:00:00,82.84,C65
INV993,Product D,17,2023-02-11 08:00:00,13.86,C62
INV994,Product B,3,2023-02-11 09:00:00,56.93,C17
INV995,Product E,2,2023-02-11 10:00:00,86.79,C43
INV996,Product B,8,2023-02-11 11:00:00,57.61,C25
INV997,Product A,12,2023-02-11 12:00:00,90.81,C3
INV998,Product A,4,2023-02-11 13:00:00,94.36,C79
INV999,Product D,5,2023-02-11 14:00:00,42.82,C29
INV1000,Product C,13,2023-02-11 15:00:00,38.35,C32
